Ensembl,hgnc_symbol,entrezgene_id,entrezgene_accession,external_gene_name,description,log2FoldChange,pvalue,padj
ENSG00000108342,CSF3,1440,CSF3,CSF3,colony stimulating factor 3 [Source:HGNC Symbol;Acc:HGNC:2438],3.767492634,1.26E-14,5.53E-11
ENSG00000162344,FGF19,9965,FGF19,FGF19,fibroblast growth factor 19 [Source:HGNC Symbol;Acc:HGNC:3675],3.680801819,0.000297993,0.016273018
ENSG00000180210,F2,2147,F2,F2,"coagulation factor II, thrombin [Source:HGNC Symbol;Acc:HGNC:3535]",3.621892436,3.95E-05,0.004148507
ENSG00000136244,IL6,3569,IL6,IL6,interleukin 6 [Source:HGNC Symbol;Acc:HGNC:6018],3.482457028,7.59E-14,2.67E-10
ENSG00000156427,FGF18,8817,FGF18,FGF18,fibroblast growth factor 18 [Source:HGNC Symbol;Acc:HGNC:3674],3.228660882,4.84E-08,2.61E-05
ENSG00000231683,KILH,101927136,KILH,KILH,KRT19 interacting long noncoding RNA in hepatocellular carcinoma [Source:HGNC Symbol;Acc:HGNC:56729],3.173857236,0.000942398,0.032692499
ENSG00000233913,RPL10P9,NA,,RPL10P9,ribosomal protein L10 pseudogene 9 [Source:HGNC Symbol;Acc:HGNC:35579],2.78008524,7.81E-05,0.006185846
ENSG00000073756,PTGS2,5743,PTGS2,PTGS2,prostaglandin-endoperoxide synthase 2 [Source:HGNC Symbol;Acc:HGNC:9605],2.619543427,3.84E-09,3.75E-06
ENSG00000078295,ADCY2,108,ADCY2,ADCY2,adenylate cyclase 2 [Source:HGNC Symbol;Acc:HGNC:233],2.514389383,2.06E-05,0.002546721
ENSG00000131096,PYY,5697,PYY,PYY,peptide YY [Source:HGNC Symbol;Acc:HGNC:9748],2.488483233,0.000440869,0.021052695
ENSG00000143340,FAM163A,148753,FAM163A,FAM163A,family with sequence similarity 163 member A [Source:HGNC Symbol;Acc:HGNC:28274],2.483525803,0.000754534,0.029334997
ENSG00000142178,SIK1,150094,SIK1,SIK1,salt inducible kinase 1 [Source:HGNC Symbol;Acc:HGNC:11142],2.414429969,8.71E-06,0.001297212
ENSG00000149968,MMP3,4314,MMP3,MMP3,matrix metallopeptidase 3 [Source:HGNC Symbol;Acc:HGNC:7173],2.324215029,7.08E-06,0.001101051
ENSG00000235899,LINC01564,NA,,LINC01564,long intergenic non-protein coding RNA 1564 [Source:HGNC Symbol;Acc:HGNC:51361],2.27548252,8.35E-11,9.78E-08
ENSG00000147872,PLIN2,123,PLIN2,PLIN2,perilipin 2 [Source:HGNC Symbol;Acc:HGNC:248],2.219149115,2.63E-15,1.54E-11
ENSG00000004799,PDK4,5166,PDK4,PDK4,pyruvate dehydrogenase kinase 4 [Source:HGNC Symbol;Acc:HGNC:8812],2.196252951,2.73E-08,1.78E-05
ENSG00000109321,AREG,374,AREG,AREG,amphiregulin [Source:HGNC Symbol;Acc:HGNC:651],2.145744063,2.93E-08,1.84E-05
ENSG00000095587,TLL2,7093,TLL2,TLL2,tolloid like 2 [Source:HGNC Symbol;Acc:HGNC:11844],2.108533527,3.32E-05,0.003665967
ENSG00000151012,SLC7A11,23657,SLC7A11,SLC7A11,solute carrier family 7 member 11 [Source:HGNC Symbol;Acc:HGNC:11059],2.106343144,3.44E-11,4.32E-08
ENSG00000146678,IGFBP1,3484,IGFBP1,IGFBP1,insulin like growth factor binding protein 1 [Source:HGNC Symbol;Acc:HGNC:5469],2.04845339,1.12E-05,0.00160628
ENSG00000146006,LRRTM2,26045,LRRTM2,LRRTM2,leucine rich repeat transmembrane neuronal 2 [Source:HGNC Symbol;Acc:HGNC:19409],2.01776329,0.001353021,0.040436445
ENSG00000171094,ALK,238,ALK,ALK,ALK receptor tyrosine kinase [Source:HGNC Symbol;Acc:HGNC:427],1.975677062,7.64E-05,0.006113844
ENSG00000133454,MYO18B,84700,MYO18B,MYO18B,myosin XVIIIB [Source:HGNC Symbol;Acc:HGNC:18150],1.946464371,6.15E-05,0.005346264
ENSG00000141469,SLC14A1,6563,SLC14A1,SLC14A1,solute carrier family 14 member 1 (Kidd blood group) [Source:HGNC Symbol;Acc:HGNC:10918],1.925008635,2.21E-05,0.002630556
ENSG00000122133,PAEP,5047,PAEP,PAEP,progestagen associated endometrial protein [Source:HGNC Symbol;Acc:HGNC:8573],1.903772413,8.16E-06,0.001235786
ENSG00000248323,LUCAT1,NA,,LUCAT1,lung cancer associated transcript 1 [Source:HGNC Symbol;Acc:HGNC:48498],1.878116674,2.76E-07,0.000108639
ENSG00000181773,GPR3,2827,GPR3,GPR3,G protein-coupled receptor 3 [Source:HGNC Symbol;Acc:HGNC:4484],1.853954047,8.61E-05,0.006665572
ENSG00000117009,KMO,8564,KMO,KMO,kynurenine 3-monooxygenase [Source:HGNC Symbol;Acc:HGNC:6381],1.793489246,4.68E-05,0.004542039
ENSG00000147509,RGS20,8601,RGS20,RGS20,regulator of G protein signaling 20 [Source:HGNC Symbol;Acc:HGNC:14600],1.772785422,4.37E-08,2.48E-05
ENSG00000106541,AGR2,10551,AGR2,AGR2,"anterior gradient 2, protein disulphide isomerase family member [Source:HGNC Symbol;Acc:HGNC:328]",1.750532442,0.001485359,0.042177005
ENSG00000101162,TUBB1,81027,TUBB1,TUBB1,tubulin beta 1 class VI [Source:HGNC Symbol;Acc:HGNC:16257],1.747908448,0.001660266,0.045094063
ENSG00000198785,GRIN3A,116443,GRIN3A,GRIN3A,glutamate ionotropic receptor NMDA type subunit 3A [Source:HGNC Symbol;Acc:HGNC:16767],1.67834535,0.000281782,0.015719884
ENSG00000164687,FABP5,2171,FABP5,FABP5,fatty acid binding protein 5 [Source:HGNC Symbol;Acc:HGNC:3560],1.673597279,0.00020087,0.012855216
ENSG00000198732,SMOC1,64093,SMOC1,SMOC1,SPARC related modular calcium binding 1 [Source:HGNC Symbol;Acc:HGNC:20318],1.647636195,0.001368703,0.040553566
ENSG00000133101,CCNA1,8900,CCNA1,CCNA1,cyclin A1 [Source:HGNC Symbol;Acc:HGNC:1577],1.644323532,1.96E-07,8.17E-05
ENSG00000189410,SH2D5,400745,SH2D5,SH2D5,SH2 domain containing 5 [Source:HGNC Symbol;Acc:HGNC:28819],1.627816809,0.000782522,0.029618997
ENSG00000041982,TNC,3371,TNC,TNC,tenascin C [Source:HGNC Symbol;Acc:HGNC:5318],1.624422723,0.000390386,0.019544896
ENSG00000219891,ZSCAN12P1,NA,,ZSCAN12P1,zinc finger and SCAN domain containing 12 pseudogene 1 [Source:HGNC Symbol;Acc:HGNC:13850],1.592961799,1.92E-07,8.17E-05
ENSG00000198535,C2CD4A,145741,C2CD4A,C2CD4A,C2 calcium dependent domain containing 4A [Source:HGNC Symbol;Acc:HGNC:33627],1.581965536,0.000377973,0.019141536
ENSG00000146674,IGFBP3,3486,IGFBP3,IGFBP3,insulin like growth factor binding protein 3 [Source:HGNC Symbol;Acc:HGNC:5472],1.576965981,0.000179661,0.011913926
ENSG00000175592,FOSL1,8061,FOSL1,FOSL1,"FOS like 1, AP-1 transcription factor subunit [Source:HGNC Symbol;Acc:HGNC:13718]",1.576079658,1.81E-05,0.002284664
ENSG00000170681,CAVIN4,347273,CAVIN4,CAVIN4,caveolae associated protein 4 [Source:HGNC Symbol;Acc:HGNC:33742],1.572652377,0.001097449,0.035913351
ENSG00000226564,FTH1P20,NA,,FTH1P20,ferritin heavy chain 1 pseudogene 20 [Source:HGNC Symbol;Acc:HGNC:37639],1.562915052,0.001004545,0.034013224
ENSG00000167995,BEST1,7439,BEST1,BEST1,bestrophin 1 [Source:HGNC Symbol;Acc:HGNC:12703],1.560395101,6.06E-06,0.000977131
ENSG00000196611,MMP1,4312,MMP1,MMP1,matrix metallopeptidase 1 [Source:HGNC Symbol;Acc:HGNC:7155],1.55135779,3.36E-06,0.00061523
ENSG00000111981,ULBP1,80329,ULBP1,ULBP1,UL16 binding protein 1 [Source:HGNC Symbol;Acc:HGNC:14893],1.546293014,0.00124179,0.038829125
ENSG00000156535,CD109,135228,CD109,CD109,CD109 molecule [Source:HGNC Symbol;Acc:HGNC:21685],1.535622837,0.000219077,0.013414071
ENSG00000075240,GRAMD4,23151,GRAMD4,GRAMD4,GRAM domain containing 4 [Source:HGNC Symbol;Acc:HGNC:29113],1.529896326,3.45E-05,0.003742984
ENSG00000229419,RALGAPA1P1,NA,,RALGAPA1P1,RALGAPA1 pseudogene 1 [Source:HGNC Symbol;Acc:HGNC:23203],1.520698233,0.000523063,0.022672103
ENSG00000131979,GCH1,2643,GCH1,GCH1,GTP cyclohydrolase 1 [Source:HGNC Symbol;Acc:HGNC:4193],1.518230851,0.000715381,0.028292962
ENSG00000094804,CDC6,990,CDC6,CDC6,cell division cycle 6 [Source:HGNC Symbol;Acc:HGNC:1744],1.503261456,0.000114595,0.00835591
ENSG00000164220,F2RL2,2151,F2RL2,F2RL2,coagulation factor II thrombin receptor like 2 [Source:HGNC Symbol;Acc:HGNC:3539],1.497822226,7.44E-05,0.006021038
ENSG00000138792,ENPEP,2028,ENPEP,ENPEP,glutamyl aminopeptidase [Source:HGNC Symbol;Acc:HGNC:3355],1.487860516,6.12E-05,0.005346264
ENSG00000167772,ANGPTL4,51129,ANGPTL4,ANGPTL4,angiopoietin like 4 [Source:HGNC Symbol;Acc:HGNC:16039],1.473848868,0.000417476,0.020492458
ENSG00000181577,LINC03040,NA,,LINC03040,long intergenic non-protein coding RNA 3040 [Source:HGNC Symbol;Acc:HGNC:28692],1.466148859,0.000585563,0.024676491
ENSG00000170006,TMEM154,201799,TMEM154,TMEM154,transmembrane protein 154 [Source:HGNC Symbol;Acc:HGNC:26489],1.463308199,1.62E-05,0.002155923
ENSG00000117245,KIF17,57576,KIF17,KIF17,kinesin family member 17 [Source:HGNC Symbol;Acc:HGNC:19167],1.434113503,1.22E-05,0.001710273
ENSG00000214999,,NA,,,"novel transcript, antisense to ALOX12B",1.420368031,0.001367727,0.040553566
ENSG00000100505,TRIM9,114088,TRIM9,TRIM9,tripartite motif containing 9 [Source:HGNC Symbol;Acc:HGNC:16288],1.418757656,0.001061428,0.035460976
ENSG00000138685,FGF2,2247,FGF2,FGF2,fibroblast growth factor 2 [Source:HGNC Symbol;Acc:HGNC:3676],1.399913134,5.84E-07,0.000183369
ENSG00000119508,NR4A3,8013,NR4A3,NR4A3,nuclear receptor subfamily 4 group A member 3 [Source:HGNC Symbol;Acc:HGNC:7982],1.369686093,3.14E-07,0.000114907
ENSG00000197620,EOLA1,91966,EOLA1,EOLA1,endothelium and lymphocyte associated ASCH domain 1 [Source:HGNC Symbol;Acc:HGNC:28089],1.363386126,1.61E-11,2.18E-08
ENSG00000197620,EOLA1,541578,EOLA2,EOLA1,endothelium and lymphocyte associated ASCH domain 1 [Source:HGNC Symbol;Acc:HGNC:28089],1.363386126,1.61E-11,2.18E-08
ENSG00000224511,LINC00365,100874146,LINC00365,LINC00365,long intergenic non-protein coding RNA 365 [Source:HGNC Symbol;Acc:HGNC:42687],1.361837695,0.000580603,0.024526309
ENSG00000087074,PPP1R15A,23645,PPP1R15A,PPP1R15A,protein phosphatase 1 regulatory subunit 15A [Source:HGNC Symbol;Acc:HGNC:14375],1.353857524,0.001102896,0.035974604
ENSG00000227195,MIR663AHG,284801,MIR663AHG,MIR663AHG,MIR663A host gene [Source:HGNC Symbol;Acc:HGNC:27662],1.344157539,0.001300929,0.039827928
ENSG00000167077,MEI1,150365,MEI1,MEI1,meiotic double-stranded break formation protein 1 [Source:HGNC Symbol;Acc:HGNC:28613],1.33990173,0.000248291,0.014641663
ENSG00000137331,IER3,8870,IER3,IER3,immediate early response 3 [Source:HGNC Symbol;Acc:HGNC:5392],1.337203854,6.77E-05,0.005655717
ENSG00000162892,IL24,11009,IL24,IL24,interleukin 24 [Source:HGNC Symbol;Acc:HGNC:11346],1.327852168,0.001531676,0.042791951
ENSG00000197385,ZNF860,344787,ZNF860,ZNF860,zinc finger protein 860 [Source:HGNC Symbol;Acc:HGNC:34513],1.319207154,0.001246529,0.038908083
ENSG00000176771,NCKAP5,344148,NCKAP5,NCKAP5,NCK associated protein 5 [Source:HGNC Symbol;Acc:HGNC:29847],1.313147355,4.92E-05,0.004669448
ENSG00000243415,,NA,,,"novel transcript, antisense to PLOD2",1.311454414,0.000211655,0.013189383
ENSG00000112379,ARFGEF3,57221,ARFGEF3,ARFGEF3,ARFGEF family member 3 [Source:HGNC Symbol;Acc:HGNC:21213],1.304364163,3.15E-05,0.003525014
ENSG00000111834,RSPH4A,345895,RSPH4A,RSPH4A,radial spoke head component 4A [Source:HGNC Symbol;Acc:HGNC:21558],1.303673834,0.00031494,0.016822027
ENSG00000029993,HMGB3,3149,HMGB3,HMGB3,high mobility group box 3 [Source:HGNC Symbol;Acc:HGNC:5004],1.295291836,0.001105462,0.035974604
ENSG00000101255,TRIB3,57761,TRIB3,TRIB3,tribbles pseudokinase 3 [Source:HGNC Symbol;Acc:HGNC:16228],1.276808885,6.41E-06,0.001005582
ENSG00000175793,SFN,2810,SFN,SFN,stratifin [Source:HGNC Symbol;Acc:HGNC:10773],1.272150835,6.67E-05,0.005606256
ENSG00000149256,TENM4,26011,TENM4,TENM4,teneurin transmembrane protein 4 [Source:HGNC Symbol;Acc:HGNC:29945],1.271078537,0.000456803,0.021406409
ENSG00000103257,SLC7A5,8140,SLC7A5,SLC7A5,solute carrier family 7 member 5 [Source:HGNC Symbol;Acc:HGNC:11063],1.262027215,0.001078418,0.0357824
ENSG00000240429,LRRFIP1P1,NA,,LRRFIP1P1,LRR binding FLII interacting protein 1 pseudogene 1 [Source:HGNC Symbol;Acc:HGNC:32937],1.257170246,2.84E-07,0.000108639
ENSG00000023909,GCLM,2730,GCLM,GCLM,glutamate-cysteine ligase modifier subunit [Source:HGNC Symbol;Acc:HGNC:4312],1.253954637,3.48E-07,0.000119996
ENSG00000121769,FABP3,2170,FABP3,FABP3,fatty acid binding protein 3 [Source:HGNC Symbol;Acc:HGNC:3557],1.25323316,0.001406473,0.041193249
ENSG00000235902,,NA,,,novel transcript,1.248816812,0.001323024,0.039995781
ENSG00000168389,MFSD2A,84879,MFSD2A,MFSD2A,"MFSD2 lysolipid transporter A, lysophospholipid [Source:HGNC Symbol;Acc:HGNC:25897]",1.224804317,0.000128075,0.009041976
ENSG00000165521,EML5,161436,EML5,EML5,EMAP like 5 [Source:HGNC Symbol;Acc:HGNC:18197],1.221553561,3.34E-05,0.003667303
ENSG00000173210,ABLIM3,22885,ABLIM3,ABLIM3,actin binding LIM protein family member 3 [Source:HGNC Symbol;Acc:HGNC:29132],1.21344434,0.001298329,0.039827928
ENSG00000284669,,NA,,,"novel transcript, antisense CSRNP1",1.198142287,1.34E-12,3.36E-09
ENSG00000123610,TNFAIP6,7130,TNFAIP6,TNFAIP6,TNF alpha induced protein 6 [Source:HGNC Symbol;Acc:HGNC:11898],1.196018634,2.37E-06,0.000507008
ENSG00000164761,TNFRSF11B,4982,TNFRSF11B,TNFRSF11B,TNF receptor superfamily member 11b [Source:HGNC Symbol;Acc:HGNC:11909],1.183941463,3.30E-05,0.003665967
ENSG00000128342,LIF,3976,LIF,LIF,LIF interleukin 6 family cytokine [Source:HGNC Symbol;Acc:HGNC:6596],1.180053501,2.29E-16,2.01E-12
ENSG00000175106,TVP23C,201158,TVP23C,TVP23C,trans-golgi network vesicle protein 23 homolog C [Source:HGNC Symbol;Acc:HGNC:30453],1.179999119,1.72E-05,0.002239165
ENSG00000155304,HSPA13,6782,HSPA13,HSPA13,heat shock protein family A (Hsp70) member 13 [Source:HGNC Symbol;Acc:HGNC:11375],1.166683385,0.000217359,0.013373456
ENSG00000147251,DOCK11,139818,DOCK11,DOCK11,dedicator of cytokinesis 11 [Source:HGNC Symbol;Acc:HGNC:23483],1.166017449,0.00104448,0.03502794
ENSG00000100346,CACNA1I,8911,CACNA1I,CACNA1I,calcium voltage-gated channel subunit alpha1 I [Source:HGNC Symbol;Acc:HGNC:1396],1.157328037,0.001285123,0.039620129
ENSG00000112541,PDE10A,10846,PDE10A,PDE10A,phosphodiesterase 10A [Source:HGNC Symbol;Acc:HGNC:8772],1.150656444,0.000339047,0.017732357
ENSG00000112541,PDE10A,90632,LINC00473,PDE10A,phosphodiesterase 10A [Source:HGNC Symbol;Acc:HGNC:8772],1.150656444,0.000339047,0.017732357
ENSG00000164949,GEM,2669,GEM,GEM,GTP binding protein overexpressed in skeletal muscle [Source:HGNC Symbol;Acc:HGNC:4234],1.147616408,0.000758537,0.029342609
ENSG00000103742,IGDCC4,57722,IGDCC4,IGDCC4,immunoglobulin superfamily DCC subclass member 4 [Source:HGNC Symbol;Acc:HGNC:13770],1.14125512,5.58E-06,0.000924901
ENSG00000185015,CA13,377677,CA13,CA13,carbonic anhydrase 13 [Source:HGNC Symbol;Acc:HGNC:14914],1.137916797,1.51E-06,0.00037385
ENSG00000185338,SOCS1,8651,SOCS1,SOCS1,suppressor of cytokine signaling 1 [Source:HGNC Symbol;Acc:HGNC:19383],1.110212699,0.001967834,0.049856584
ENSG00000149557,FEZ1,9638,FEZ1,FEZ1,fasciculation and elongation protein zeta 1 [Source:HGNC Symbol;Acc:HGNC:3659],1.110137016,5.48E-05,0.004959419
ENSG00000149557,FEZ1,105369550,STT3A-AS1,FEZ1,fasciculation and elongation protein zeta 1 [Source:HGNC Symbol;Acc:HGNC:3659],1.110137016,5.48E-05,0.004959419
ENSG00000028277,POU2F2,5452,POU2F2,POU2F2,POU class 2 homeobox 2 [Source:HGNC Symbol;Acc:HGNC:9213],1.103423661,0.00076031,0.029342609
ENSG00000206432,TMEM200C,645369,TMEM200C,TMEM200C,transmembrane protein 200C [Source:HGNC Symbol;Acc:HGNC:37208],1.100344281,0.000791845,0.029648085
ENSG00000229715,EEF1DP3,NA,,EEF1DP3,eukaryotic translation elongation factor 1 delta pseudogene 3 [Source:HGNC Symbol;Acc:HGNC:30486],1.100304467,7.71E-05,0.006131793
ENSG00000150630,VEGFC,7424,VEGFC,VEGFC,vascular endothelial growth factor C [Source:HGNC Symbol;Acc:HGNC:12682],1.098886064,7.38E-06,0.001138213
ENSG00000197860,SGTB,54557,SGTB,SGTB,small glutamine rich tetratricopeptide repeat co-chaperone beta [Source:HGNC Symbol;Acc:HGNC:23567],1.089706809,8.01E-07,0.000246917
ENSG00000157168,NRG1,3084,NRG1,NRG1,neuregulin 1 [Source:HGNC Symbol;Acc:HGNC:7997],1.083900634,5.44E-05,0.004955946
ENSG00000169429,CXCL8,3576,CXCL8,CXCL8,C-X-C motif chemokine ligand 8 [Source:HGNC Symbol;Acc:HGNC:6025],1.082001324,8.68E-12,1.53E-08
ENSG00000106034,CPED1,79974,CPED1,CPED1,cadherin like and PC-esterase domain containing 1 [Source:HGNC Symbol;Acc:HGNC:26159],1.074660179,0.000947076,0.032698377
ENSG00000153879,CEBPG,1054,CEBPG,CEBPG,CCAAT enhancer binding protein gamma [Source:HGNC Symbol;Acc:HGNC:1837],1.068147937,0.001261987,0.039196477
ENSG00000271933,,NA,,,"novel transcript, antisense to GHITM",1.065569654,1.80E-05,0.002284664
ENSG00000171522,PTGER4,5734,PTGER4,PTGER4,prostaglandin E receptor 4 [Source:HGNC Symbol;Acc:HGNC:9596],1.061467362,0.000849603,0.030783656
ENSG00000167723,TRPV3,162514,TRPV3,TRPV3,transient receptor potential cation channel subfamily V member 3 [Source:HGNC Symbol;Acc:HGNC:18084],1.060454813,4.25E-06,0.00073243
ENSG00000115919,KYNU,8942,KYNU,KYNU,kynureninase [Source:HGNC Symbol;Acc:HGNC:6469],1.058899505,1.05E-06,0.000298883
ENSG00000222937,SNORD63B,NA,,SNORD63B,"small nucleolar RNA, C/D box 63B [Source:HGNC Symbol;Acc:HGNC:52230]",1.05826333,0.001534391,0.04279976
ENSG00000149485,FADS1,3992,FADS1,FADS1,fatty acid desaturase 1 [Source:HGNC Symbol;Acc:HGNC:3574],1.057107457,1.52E-05,0.002044582
ENSG00000237399,PITRM1-AS1,100507034,PITRM1-AS1,PITRM1-AS1,PITRM1 antisense RNA 1 [Source:HGNC Symbol;Acc:HGNC:44675],1.053898426,0.000257762,0.014851337
ENSG00000130164,LDLR,3949,LDLR,LDLR,low density lipoprotein receptor [Source:HGNC Symbol;Acc:HGNC:6547],1.02609355,1.72E-08,1.44E-05
ENSG00000173281,PPP1R3B,79660,PPP1R3B,PPP1R3B,protein phosphatase 1 regulatory subunit 3B [Source:HGNC Symbol;Acc:HGNC:14942],1.019045398,1.02E-05,0.001481199
ENSG00000198855,FICD,11153,FICD,FICD,FIC domain protein adenylyltransferase [Source:HGNC Symbol;Acc:HGNC:18416],1.007110551,0.000269527,0.01517167
ENSG00000144655,CSRNP1,64651,CSRNP1,CSRNP1,cysteine and serine rich nuclear protein 1 [Source:HGNC Symbol;Acc:HGNC:14300],1.005656933,1.65E-07,7.61E-05
ENSG00000198879,SFMBT2,57713,SFMBT2,SFMBT2,Scm like with four mbt domains 2 [Source:HGNC Symbol;Acc:HGNC:20256],1.003909692,0.001570963,0.043474858
ENSG00000196839,ADA,100,ADA,ADA,adenosine deaminase [Source:HGNC Symbol;Acc:HGNC:186],-1.003577884,5.39E-05,0.004936379
ENSG00000205544,TMEM256,254863,TMEM256,TMEM256,transmembrane protein 256 [Source:HGNC Symbol;Acc:HGNC:28618],-1.017483291,0.000333922,0.017516467
ENSG00000111907,TPD52L1,7164,TPD52L1,TPD52L1,TPD52 like 1 [Source:HGNC Symbol;Acc:HGNC:12006],-1.019184586,0.000251668,0.014694113
ENSG00000206337,HCP5,10866,HCP5,HCP5,HLA complex P5 [Source:HGNC Symbol;Acc:HGNC:21659],-1.028103527,0.001095295,0.035909724
ENSG00000177045,SIX5,147912,SIX5,SIX5,SIX homeobox 5 [Source:HGNC Symbol;Acc:HGNC:10891],-1.02933915,0.000862066,0.030975572
ENSG00000175170,FAM182B,NA,,FAM182B,family with sequence similarity 182 member B [Source:HGNC Symbol;Acc:HGNC:34503],-1.037962078,0.00086356,0.030975572
ENSG00000111348,ARHGDIB,397,ARHGDIB,ARHGDIB,Rho GDP dissociation inhibitor beta [Source:HGNC Symbol;Acc:HGNC:679],-1.041170935,4.06E-05,0.004221555
ENSG00000224307,LINC02975,NA,,LINC02975,long intergenic non-protein coding RNA 2975 [Source:HGNC Symbol;Acc:HGNC:56025],-1.041250638,0.00153053,0.042791951
ENSG00000187624,LIAT1,400566,LIAT1,LIAT1,ligand of ATE1 [Source:HGNC Symbol;Acc:HGNC:33800],-1.050520837,0.000560062,0.023888265
ENSG00000242797,GLYCTK-AS1,NA,,GLYCTK-AS1,GLYCTK antisense RNA 1 [Source:HGNC Symbol;Acc:HGNC:41043],-1.064709217,0.001125204,0.036214662
ENSG00000131480,AOC2,314,AOC2,AOC2,amine oxidase copper containing 2 [Source:HGNC Symbol;Acc:HGNC:549],-1.066709101,0.001854958,0.048445734
ENSG00000184160,ADRA2C,152,ADRA2C,ADRA2C,adrenoceptor alpha 2C [Source:HGNC Symbol;Acc:HGNC:283],-1.074013036,0.000356294,0.01841518
ENSG00000236409,NRADDP,NA,,NRADDP,"neurotrophin receptor associated death domain, pseudogene [Source:HGNC Symbol;Acc:HGNC:19337]",-1.086174282,0.001762656,0.046932042
ENSG00000265972,TXNIP,10628,TXNIP,TXNIP,thioredoxin interacting protein [Source:HGNC Symbol;Acc:HGNC:16952],-1.088703347,0.001326922,0.039996569
ENSG00000135744,AGT,183,AGT,AGT,angiotensinogen [Source:HGNC Symbol;Acc:HGNC:333],-1.11233262,0.000798777,0.029802347
ENSG00000241935,HOGA1,112817,HOGA1,HOGA1,4-hydroxy-2-oxoglutarate aldolase 1 [Source:HGNC Symbol;Acc:HGNC:25155],-1.118457003,0.001116383,0.035996684
ENSG00000272927,,NA,,,"novel transcript, antisense to PDE6B",-1.123691472,0.000847235,0.030783656
ENSG00000104998,IL27RA,9466,IL27RA,IL27RA,interleukin 27 receptor subunit alpha [Source:HGNC Symbol;Acc:HGNC:17290],-1.126946594,0.000872335,0.031117949
ENSG00000197093,GAL3ST4,79690,GAL3ST4,GAL3ST4,galactose-3-O-sulfotransferase 4 [Source:HGNC Symbol;Acc:HGNC:24145],-1.136635326,0.001264506,0.039196477
ENSG00000183087,GAS6,2621,GAS6,GAS6,growth arrest specific 6 [Source:HGNC Symbol;Acc:HGNC:4168],-1.140630985,0.001973011,0.049887382
ENSG00000106003,LFNG,3955,LFNG,LFNG,LFNG O-fucosylpeptide 3-beta-N-acetylglucosaminyltransferase [Source:HGNC Symbol;Acc:HGNC:6560],-1.144489617,0.001950849,0.049652937
ENSG00000134339,SAA2,6289,SAA2,SAA2,serum amyloid A2 [Source:HGNC Symbol;Acc:HGNC:10514],-1.147929483,0.000999971,0.033989347
ENSG00000254837,LIPT2-AS1,100287896,LIPT2-AS1,LIPT2-AS1,LIPT2 antisense RNA 1 [Source:HGNC Symbol;Acc:HGNC:56172],-1.148159431,6.06E-08,3.04E-05
ENSG00000269887,,NA,,,"novel transcript, sense intronic to PBX1",-1.157226347,1.50E-06,0.00037385
ENSG00000242337,INHCAP,NA,,INHCAP,inhibitor of carbonic anhydrase pseudogene [Source:HGNC Symbol;Acc:HGNC:11759],-1.158660286,2.84E-06,0.000566817
ENSG00000173467,AGR3,155465,AGR3,AGR3,"anterior gradient 3, protein disulphide isomerase family member [Source:HGNC Symbol;Acc:HGNC:24167]",-1.160107404,5.55E-05,0.00499908
ENSG00000244041,LINC01011,401232,LINC01011,LINC01011,long intergenic non-protein coding RNA 1011 [Source:HGNC Symbol;Acc:HGNC:33812],-1.161944862,2.56E-12,5.63E-09
ENSG00000205403,CFI,3426,CFI,CFI,complement factor I [Source:HGNC Symbol;Acc:HGNC:5394],-1.167777559,0.001493344,0.042177005
ENSG00000197768,STPG3,441476,STPG3,STPG3,sperm-tail PG-rich repeat containing 3 [Source:HGNC Symbol;Acc:HGNC:37285],-1.173711511,0.000270229,0.01517167
ENSG00000101443,WFDC2,10406,WFDC2,WFDC2,WAP four-disulfide core domain 2 [Source:HGNC Symbol;Acc:HGNC:15939],-1.180921708,0.000141514,0.009752254
ENSG00000135220,UGT2A3,79799,UGT2A3,UGT2A3,UDP glucuronosyltransferase family 2 member A3 [Source:HGNC Symbol;Acc:HGNC:28528],-1.181939868,0.001856931,0.048445734
ENSG00000064655,EYA2,2139,EYA2,EYA2,EYA transcriptional coactivator and phosphatase 2 [Source:HGNC Symbol;Acc:HGNC:3520],-1.182372672,0.001393858,0.040960304
ENSG00000143891,GALM,130589,GALM,GALM,galactose mutarotase [Source:HGNC Symbol;Acc:HGNC:24063],-1.187717628,0.000282696,0.01572096
ENSG00000184434,LRRC19,64922,LRRC19,LRRC19,leucine rich repeat containing 19 [Source:HGNC Symbol;Acc:HGNC:23379],-1.191779659,0.001318037,0.039962502
ENSG00000110195,FOLR1,2348,FOLR1,FOLR1,folate receptor alpha [Source:HGNC Symbol;Acc:HGNC:3791],-1.193572197,0.000715813,0.028292962
ENSG00000163453,IGFBP7,3490,IGFBP7,IGFBP7,insulin like growth factor binding protein 7 [Source:HGNC Symbol;Acc:HGNC:5476],-1.206894801,0.00015175,0.010256554
ENSG00000136449,MYCBPAP,84073,MYCBPAP,MYCBPAP,MYCBP associated protein [Source:HGNC Symbol;Acc:HGNC:19677],-1.209851304,0.000298719,0.016273018
ENSG00000178226,PRSS36,146547,PRSS36,PRSS36,serine protease 36 [Source:HGNC Symbol;Acc:HGNC:26906],-1.226796536,0.000535291,0.023025739
ENSG00000079215,SLC1A3,6507,SLC1A3,SLC1A3,solute carrier family 1 member 3 [Source:HGNC Symbol;Acc:HGNC:10941],-1.228449625,0.000365663,0.018788901
ENSG00000230896,,NA,,,novel transcript,-1.240110275,2.09E-05,0.002569785
ENSG00000262877,,NA,,,novel transcript,-1.245453515,0.000254374,0.014752871
ENSG00000127129,EDN2,1907,EDN2,EDN2,endothelin 2 [Source:HGNC Symbol;Acc:HGNC:3177],-1.263150533,0.001846613,0.048433636
ENSG00000276600,RAB7B,338382,RAB7B,RAB7B,"RAB7B, member RAS oncogene family [Source:HGNC Symbol;Acc:HGNC:30513]",-1.275286632,0.001629474,0.044671997
ENSG00000163406,SLC15A2,6565,SLC15A2,SLC15A2,solute carrier family 15 member 2 [Source:HGNC Symbol;Acc:HGNC:10921],-1.2884312,0.000509607,0.022509673
ENSG00000157111,TMEM171,134285,TMEM171,TMEM171,transmembrane protein 171 [Source:HGNC Symbol;Acc:HGNC:27031],-1.29520656,5.65E-06,0.000928135
ENSG00000176826,FKBP9P1,NA,,FKBP9P1,FKBP prolyl isomerase 9 pseudogene 1 [Source:HGNC Symbol;Acc:HGNC:23568],-1.302305533,0.000505153,0.022509673
ENSG00000222020,HDAC4-AS1,101928111,HDAC4-AS1,HDAC4-AS1,HDAC4 antisense RNA 1 [Source:HGNC Symbol;Acc:HGNC:54064],-1.302770174,0.000296202,0.016273018
ENSG00000136457,CHAD,1101,CHAD,CHAD,chondroadherin [Source:HGNC Symbol;Acc:HGNC:1909],-1.303541415,6.79E-05,0.005655717
ENSG00000239887,C1orf226,400793,C1orf226,C1orf226,chromosome 1 open reading frame 226 [Source:HGNC Symbol;Acc:HGNC:34351],-1.305929539,0.000392647,0.019602243
ENSG00000019102,VSIG2,23584,VSIG2,VSIG2,V-set and immunoglobulin domain containing 2 [Source:HGNC Symbol;Acc:HGNC:17149],-1.312512246,0.00078192,0.029618997
ENSG00000104140,RHOV,171177,RHOV,RHOV,ras homolog family member V [Source:HGNC Symbol;Acc:HGNC:18313],-1.313354024,0.001379411,0.040692661
ENSG00000245848,CEBPA,1050,CEBPA,CEBPA,CCAAT enhancer binding protein alpha [Source:HGNC Symbol;Acc:HGNC:1833],-1.330072109,0.000216205,0.013373456
ENSG00000149599,DUSP15,128853,DUSP15,DUSP15,dual specificity phosphatase 15 [Source:HGNC Symbol;Acc:HGNC:16236],-1.331288765,2.48E-05,0.002877346
ENSG00000099769,IGFALS,3483,IGFALS,IGFALS,insulin like growth factor binding protein acid labile subunit [Source:HGNC Symbol;Acc:HGNC:5468],-1.336289133,1.68E-05,0.00219928
ENSG00000225968,ELFN1,392617,ELFN1,ELFN1,extracellular leucine rich repeat and fibronectin type III domain containing 1 [Source:HGNC Symbol;Acc:HGNC:33154],-1.349284675,0.001674554,0.045202682
ENSG00000167757,KLK11,11012,KLK11,KLK11,kallikrein related peptidase 11 [Source:HGNC Symbol;Acc:HGNC:6359],-1.351136993,6.63E-05,0.005601671
ENSG00000167525,PROCA1,147011,PROCA1,PROCA1,protein interacting with cyclin A1 [Source:HGNC Symbol;Acc:HGNC:28600],-1.356166934,0.001086971,0.0357824
ENSG00000127324,TSPAN8,7103,TSPAN8,TSPAN8,tetraspanin 8 [Source:HGNC Symbol;Acc:HGNC:11855],-1.396531309,0.00018773,0.012355724
ENSG00000168907,PLA2G4F,255189,PLA2G4F,PLA2G4F,phospholipase A2 group IVF [Source:HGNC Symbol;Acc:HGNC:27396],-1.39993167,0.000955411,0.03289014
ENSG00000117013,KCNQ4,9132,KCNQ4,KCNQ4,potassium voltage-gated channel subfamily Q member 4 [Source:HGNC Symbol;Acc:HGNC:6298],-1.422905578,0.00045905,0.021435677
ENSG00000080709,KCNN2,3781,KCNN2,KCNN2,potassium calcium-activated channel subfamily N member 2 [Source:HGNC Symbol;Acc:HGNC:6291],-1.42782141,0.001283097,0.039620129
ENSG00000166823,MESP1,55897,MESP1,MESP1,mesoderm posterior bHLH transcription factor 1 [Source:HGNC Symbol;Acc:HGNC:29658],-1.443336081,9.69E-07,0.000288519
ENSG00000116039,ATP6V1B1,525,ATP6V1B1,ATP6V1B1,ATPase H+ transporting V1 subunit B1 [Source:HGNC Symbol;Acc:HGNC:853],-1.466408787,9.15E-05,0.006990644
ENSG00000268433,MTDHP3,NA,,MTDHP3,metadherin pseudogene 3 [Source:HGNC Symbol;Acc:HGNC:52359],-1.476444939,0.001756575,0.046906801
ENSG00000245648,KLRK1-AS1,101928100,KLRK1-AS1,KLRK1-AS1,KLRK1 antisense RNA 1 [Source:HGNC Symbol;Acc:HGNC:54868],-1.515164873,0.0016432,0.044838427
ENSG00000100079,LGALS2,3957,LGALS2,LGALS2,galectin 2 [Source:HGNC Symbol;Acc:HGNC:6562],-1.534124307,0.001905612,0.04917374
ENSG00000106538,RARRES2,5919,RARRES2,RARRES2,retinoic acid receptor responder 2 [Source:HGNC Symbol;Acc:HGNC:9868],-1.540625528,0.000608683,0.025286952
ENSG00000179528,LBX2,85474,LBX2,LBX2,ladybird homeobox 2 [Source:HGNC Symbol;Acc:HGNC:15525],-1.541171904,0.00145155,0.041692078
ENSG00000170271,FAXDC2,10826,FAXDC2,FAXDC2,fatty acid hydroxylase domain containing 2 [Source:HGNC Symbol;Acc:HGNC:1334],-1.558978318,4.15E-05,0.004242428
ENSG00000275549,STPG3-AS1,100129722,STPG3-AS1,STPG3-AS1,STPG3 antisense RNA 1 [Source:HGNC Symbol;Acc:HGNC:51176],-1.559005542,1.78E-06,0.000420849
ENSG00000117115,PADI2,11240,PADI2,PADI2,peptidyl arginine deiminase 2 [Source:HGNC Symbol;Acc:HGNC:18341],-1.566161515,0.00059647,0.024896011
ENSG00000095970,TREM2,54209,TREM2,TREM2,triggering receptor expressed on myeloid cells 2 [Source:HGNC Symbol;Acc:HGNC:17761],-1.575221464,0.000766432,0.029471564
ENSG00000127951,FGL2,10875,FGL2,FGL2,fibrinogen like 2 [Source:HGNC Symbol;Acc:HGNC:3696],-1.578378848,0.000304654,0.016472866
ENSG00000144331,ZNF385B,151126,ZNF385B,ZNF385B,zinc finger protein 385B [Source:HGNC Symbol;Acc:HGNC:26332],-1.598769977,0.000190739,0.012451563
ENSG00000122035,RASL11A,387496,RASL11A,RASL11A,RAS like family 11 member A [Source:HGNC Symbol;Acc:HGNC:23802],-1.614130924,2.00E-07,8.17E-05
ENSG00000251165,F11-AS1,285441,F11-AS1,F11-AS1,F11 antisense RNA 1 [Source:HGNC Symbol;Acc:HGNC:27725],-1.629736245,0.001212367,0.038249423
ENSG00000261040,WFDC21P,NA,,WFDC21P,"WAP four-disulfide core domain 21, pseudogene [Source:HGNC Symbol;Acc:HGNC:50357]",-1.641323282,0.00117671,0.037568734
ENSG00000142102,PGGHG,80162,PGGHG,PGGHG,protein-glucosylgalactosylhydroxylysine glucosidase [Source:HGNC Symbol;Acc:HGNC:26210],-1.647921574,0.001299789,0.039827928
ENSG00000166736,HTR3A,3359,HTR3A,HTR3A,5-hydroxytryptamine receptor 3A [Source:HGNC Symbol;Acc:HGNC:5297],-1.673676806,0.000761408,0.029342609
ENSG00000268555,,NA,,,novel transcript,-1.690756425,0.00138489,0.040764951
ENSG00000064787,BCAS1,8537,BCAS1,BCAS1,brain enriched myelin associated protein 1 [Source:HGNC Symbol;Acc:HGNC:974],-1.706605631,6.61E-05,0.005601671
ENSG00000132329,RAMP1,10267,RAMP1,RAMP1,receptor activity modifying protein 1 [Source:HGNC Symbol;Acc:HGNC:9843],-1.712019977,0.000748031,0.029146679
ENSG00000167183,PRR15L,79170,PRR15L,PRR15L,proline rich 15 like [Source:HGNC Symbol;Acc:HGNC:28149],-1.717691938,3.02E-07,0.000112914
ENSG00000182938,OTOP3,347741,OTOP3,OTOP3,otopetrin 3 [Source:HGNC Symbol;Acc:HGNC:19658],-1.731192031,0.000471121,0.021616228
ENSG00000187017,ESPN,83715,ESPN,ESPN,espin [Source:HGNC Symbol;Acc:HGNC:13281],-1.750725498,0.000246436,0.014630485
ENSG00000118094,TREH,11181,TREH,TREH,trehalase [Source:HGNC Symbol;Acc:HGNC:12266],-1.75548589,0.000147406,0.010079253
ENSG00000154864,PIEZO2,63895,PIEZO2,PIEZO2,piezo type mechanosensitive ion channel component 2 [Source:HGNC Symbol;Acc:HGNC:26270],-1.786346247,0.000258612,0.014851625
ENSG00000274979,,NA,,,novel transcript,-1.792009074,0.000116821,0.008379164
ENSG00000204482,LST1,7940,LST1,LST1,leukocyte specific transcript 1 [Source:HGNC Symbol;Acc:HGNC:14189],-1.7968301,0.000126792,0.009020746
ENSG00000172955,ADH6,130,ADH6,ADH6,alcohol dehydrogenase 6 (class V) [Source:HGNC Symbol;Acc:HGNC:255],-1.798666058,4.10E-05,0.004231015
ENSG00000121380,BCL2L14,79370,BCL2L14,BCL2L14,BCL2 like 14 [Source:HGNC Symbol;Acc:HGNC:16657],-1.836180593,0.001638478,0.044797956
ENSG00000137440,FGFBP1,9982,FGFBP1,FGFBP1,fibroblast growth factor binding protein 1 [Source:HGNC Symbol;Acc:HGNC:19695],-1.836449771,0.000116266,0.008373536
ENSG00000094755,GABRP,2568,GABRP,GABRP,gamma-aminobutyric acid type A receptor subunit pi [Source:HGNC Symbol;Acc:HGNC:4089],-1.843261626,0.000299106,0.016273018
ENSG00000168497,CAVIN2,8436,CAVIN2,CAVIN2,caveolae associated protein 2 [Source:HGNC Symbol;Acc:HGNC:10690],-1.872616536,0.000792955,0.029648085
ENSG00000224520,KRT8P45,NA,,KRT8P45,keratin 8 pseudogene 45 [Source:HGNC Symbol;Acc:HGNC:39879],-1.903459694,0.001207139,0.038164594
ENSG00000101842,VSIG1,340547,VSIG1,VSIG1,V-set and immunoglobulin domain containing 1 [Source:HGNC Symbol;Acc:HGNC:28675],-1.93339266,0.00019058,0.012451563
ENSG00000134827,TCN1,6947,TCN1,TCN1,transcobalamin 1 [Source:HGNC Symbol;Acc:HGNC:11652],-1.958155811,0.000597856,0.024896011
ENSG00000158104,HPD,3242,HPD,HPD,4-hydroxyphenylpyruvate dioxygenase [Source:HGNC Symbol;Acc:HGNC:5147],-1.976688033,3.97E-05,0.004148507
ENSG00000166866,MYO1A,4640,MYO1A,MYO1A,myosin IA [Source:HGNC Symbol;Acc:HGNC:7595],-1.983537228,0.000692152,0.027643592
ENSG00000227508,LINC01624,NA,,LINC01624,long intergenic non-protein coding RNA 1624 [Source:HGNC Symbol;Acc:HGNC:52051],-1.993294833,0.001545079,0.042967876
ENSG00000229951,FOSL2-AS1,403150,FOSL2-AS1,FOSL2-AS1,FOSL2 antisense RNA 1 [Source:HGNC Symbol;Acc:HGNC:55784],-1.996633483,0.001884852,0.048925403
ENSG00000100473,COCH,1690,COCH,COCH,cochlin [Source:HGNC Symbol;Acc:HGNC:2180],-1.998122937,9.67E-05,0.007356256
ENSG00000162877,PM20D1,148811,PM20D1,PM20D1,peptidase M20 domain containing 1 [Source:HGNC Symbol;Acc:HGNC:26518],-2.032258262,0.000884422,0.031461423
ENSG00000166825,ANPEP,290,ANPEP,ANPEP,"alanyl aminopeptidase, membrane [Source:HGNC Symbol;Acc:HGNC:500]",-2.037076634,0.000594236,0.02486313
ENSG00000069812,HES2,54626,HES2,HES2,hes family bHLH transcription factor 2 [Source:HGNC Symbol;Acc:HGNC:16005],-2.044527523,4.27E-08,2.48E-05
ENSG00000036473,OTC,5009,OTC,OTC,ornithine transcarbamylase [Source:HGNC Symbol;Acc:HGNC:8512],-2.05648723,0.000947105,0.032698377
ENSG00000176387,HSD11B2,3291,HSD11B2,HSD11B2,hydroxysteroid 11-beta dehydrogenase 2 [Source:HGNC Symbol;Acc:HGNC:5209],-2.058378683,1.36E-05,0.00188301
ENSG00000007171,NOS2,4843,NOS2,NOS2,nitric oxide synthase 2 [Source:HGNC Symbol;Acc:HGNC:7873],-2.093030798,0.000401058,0.019909029
ENSG00000136250,AOAH,313,AOAH,AOAH,acyloxyacyl hydrolase [Source:HGNC Symbol;Acc:HGNC:548],-2.181764688,4.39E-05,0.004381216
ENSG00000233695,GAS6-AS1,NA,,GAS6-AS1,GAS6 antisense RNA 1 [Source:HGNC Symbol;Acc:HGNC:39826],-2.199348379,2.76E-06,0.000557269
ENSG00000162482,AKR7A3,22977,AKR7A3,AKR7A3,aldo-keto reductase family 7 member A3 [Source:HGNC Symbol;Acc:HGNC:390],-2.221731849,0.000439678,0.021052695
ENSG00000146755,TRIM50,135892,TRIM50,TRIM50,tripartite motif containing 50 [Source:HGNC Symbol;Acc:HGNC:19017],-2.22823817,0.001135557,0.036414484
ENSG00000164825,DEFB1,1672,DEFB1,DEFB1,defensin beta 1 [Source:HGNC Symbol;Acc:HGNC:2766],-2.228837897,2.65E-06,0.000548497
ENSG00000172023,REG1B,5968,REG1B,REG1B,regenerating family member 1 beta [Source:HGNC Symbol;Acc:HGNC:9952],-2.250948374,0.001811511,0.047798329
ENSG00000255026,,NA,,,novel transcript,-2.259805114,0.000466453,0.021599855
ENSG00000185303,SFTPA2,729238,SFTPA2,SFTPA2,surfactant protein A2 [Source:HGNC Symbol;Acc:HGNC:10799],-2.327030573,1.05E-06,0.000298883
ENSG00000154316,TDH,157739,TDH,TDH,L-threonine dehydrogenase (pseudogene) [Source:HGNC Symbol;Acc:HGNC:15547],-2.350575088,3.58E-06,0.000641612
ENSG00000156284,CLDN8,9073,CLDN8,CLDN8,claudin 8 [Source:HGNC Symbol;Acc:HGNC:2050],-2.353014365,0.000726295,0.028552997
ENSG00000163501,IHH,3549,IHH,IHH,Indian hedgehog signaling molecule [Source:HGNC Symbol;Acc:HGNC:5956],-2.375939133,0.000261954,0.014994503
ENSG00000184908,CLCNKB,1188,CLCNKB,CLCNKB,chloride voltage-gated channel Kb [Source:HGNC Symbol;Acc:HGNC:2027],-2.423925189,2.96E-06,0.000583475
ENSG00000170835,CEL,1056,CEL,CEL,carboxyl ester lipase [Source:HGNC Symbol;Acc:HGNC:1848],-2.499870029,0.001904079,0.04917374
ENSG00000105697,HAMP,57817,HAMP,HAMP,hepcidin antimicrobial peptide [Source:HGNC Symbol;Acc:HGNC:15598],-2.569448937,0.000138967,0.009652424
ENSG00000114204,SERPINI2,5276,SERPINI2,SERPINI2,serpin family I member 2 [Source:HGNC Symbol;Acc:HGNC:8945],-2.643061858,0.00126469,0.039196477
ENSG00000160868,CYP3A4,1576,CYP3A4,CYP3A4,cytochrome P450 family 3 subfamily A member 4 [Source:HGNC Symbol;Acc:HGNC:2637],-2.745221567,0.00108639,0.0357824
ENSG00000158516,CPA2,1358,CPA2,CPA2,carboxypeptidase A2 [Source:HGNC Symbol;Acc:HGNC:2297],-2.776713444,0.000437705,0.021052695
ENSG00000161640,SIGLEC11,114132,SIGLEC11,SIGLEC11,sialic acid binding Ig like lectin 11 [Source:HGNC Symbol;Acc:HGNC:15622],-2.918654047,5.26E-05,0.004885221
ENSG00000168955,TM4SF20,79853,TM4SF20,TM4SF20,transmembrane 4 L six family member 20 [Source:HGNC Symbol;Acc:HGNC:26230],-3.229802136,0.001597971,0.044083443
ENSG00000248144,ADH1C,126,ADH1C,ADH1C,"alcohol dehydrogenase 1C (class I), gamma polypeptide [Source:HGNC Symbol;Acc:HGNC:251]",-3.384494474,5.53E-07,0.000178828
ENSG00000090402,SI,6476,SI,SI,sucrase-isomaltase [Source:HGNC Symbol;Acc:HGNC:10856],-4.456392956,9.26E-07,0.000280539
